{
    "ARG0": {
        "precision": 0.7297297297297297,
        "recall": 0.5294117647058824,
        "f1-score": 0.6136363636363636,
        "support": 51
    },
    "V": {
        "precision": 0.32432432432432434,
        "recall": 0.23529411764705882,
        "f1-score": 0.2727272727272727,
        "support": 51
    },
    "ARG1": {
        "precision": 0.25,
        "recall": 0.17647058823529413,
        "f1-score": 0.20689655172413793,
        "support": 51
    },
    "micro avg": {
        "precision": 0.43636363636363634,
        "recall": 0.3137254901960784,
        "f1-score": 0.3650190114068442,
        "support": 153
    },
    "macro avg": {
        "precision": 0.43468468468468463,
        "recall": 0.3137254901960784,
        "f1-score": 0.3644200626959248,
        "support": 153
    },
    "weighted avg": {
        "precision": 0.4346846846846847,
        "recall": 0.3137254901960784,
        "f1-score": 0.36442006269592475,
        "support": 153
    }
}