{
    "ARG0": {
        "precision": 0.75,
        "recall": 0.7058823529411765,
        "f1-score": 0.7272727272727272,
        "support": 51
    },
    "V": {
        "precision": 0.38095238095238093,
        "recall": 0.3137254901960784,
        "f1-score": 0.3440860215053763,
        "support": 51
    },
    "ARG1": {
        "precision": 0.32432432432432434,
        "recall": 0.23529411764705882,
        "f1-score": 0.2727272727272727,
        "support": 51
    },
    "micro avg": {
        "precision": 0.5039370078740157,
        "recall": 0.41830065359477125,
        "f1-score": 0.45714285714285713,
        "support": 153
    },
    "macro avg": {
        "precision": 0.4850922350922351,
        "recall": 0.41830065359477125,
        "f1-score": 0.4480286738351254,
        "support": 153
    },
    "weighted avg": {
        "precision": 0.48509223509223504,
        "recall": 0.41830065359477125,
        "f1-score": 0.44802867383512546,
        "support": 153
    }
}