{
    "ARG0": {
        "precision": 0.7560975609756098,
        "recall": 0.6078431372549019,
        "f1-score": 0.6739130434782609,
        "support": 51
    },
    "ARG1": {
        "precision": 0.3170731707317073,
        "recall": 0.2549019607843137,
        "f1-score": 0.28260869565217384,
        "support": 51
    },
    "V": {
        "precision": 0.525,
        "recall": 0.4117647058823529,
        "f1-score": 0.46153846153846156,
        "support": 51
    },
    "micro avg": {
        "precision": 0.5327868852459017,
        "recall": 0.42483660130718953,
        "f1-score": 0.4727272727272727,
        "support": 153
    },
    "macro avg": {
        "precision": 0.5327235772357723,
        "recall": 0.42483660130718953,
        "f1-score": 0.47268673355629875,
        "support": 153
    },
    "weighted avg": {
        "precision": 0.5327235772357725,
        "recall": 0.42483660130718953,
        "f1-score": 0.4726867335562987,
        "support": 153
    }
}