{
    "ARG0": {
        "precision": 0.5,
        "recall": 0.47058823529411764,
        "f1-score": 0.48484848484848486,
        "support": 51
    },
    "V": {
        "precision": 0.2894736842105263,
        "recall": 0.21568627450980393,
        "f1-score": 0.24719101123595505,
        "support": 51
    },
    "ARG1": {
        "precision": 0.23684210526315788,
        "recall": 0.17647058823529413,
        "f1-score": 0.20224719101123598,
        "support": 51
    },
    "micro avg": {
        "precision": 0.3548387096774194,
        "recall": 0.2875816993464052,
        "f1-score": 0.3176895306859206,
        "support": 153
    },
    "macro avg": {
        "precision": 0.34210526315789475,
        "recall": 0.28758169934640526,
        "f1-score": 0.31142889569855864,
        "support": 153
    },
    "weighted avg": {
        "precision": 0.3421052631578947,
        "recall": 0.2875816993464052,
        "f1-score": 0.31142889569855864,
        "support": 153
    }
}{
    "V": {
        "precision": 0.6938775510204082,
        "recall": 0.6868686868686869,
        "f1-score": 0.6903553299492386,
        "support": 99
    },
    "ARG1": {
        "precision": 0.4329896907216495,
        "recall": 0.42424242424242425,
        "f1-score": 0.42857142857142855,
        "support": 99
    },
    "ARG0": {
        "precision": 0.6881720430107527,
        "recall": 0.6464646464646465,
        "f1-score": 0.6666666666666667,
        "support": 99
    },
    "micro avg": {
        "precision": 0.6041666666666666,
        "recall": 0.5858585858585859,
        "f1-score": 0.5948717948717948,
        "support": 297
    },
    "macro avg": {
        "precision": 0.6050130949176035,
        "recall": 0.585858585858586,
        "f1-score": 0.595197808395778,
        "support": 297
    },
    "weighted avg": {
        "precision": 0.6050130949176035,
        "recall": 0.5858585858585859,
        "f1-score": 0.5951978083957781,
        "support": 297
    }
}