{
    "ARG1": {
        "precision": 0.10714285714285714,
        "recall": 0.11764705882352941,
        "f1-score": 0.11214953271028037,
        "support": 51
    },
    "V": {
        "precision": 0.28,
        "recall": 0.27450980392156865,
        "f1-score": 0.27722772277227725,
        "support": 51
    },
    "ARG0": {
        "precision": 0.6666666666666666,
        "recall": 0.35294117647058826,
        "f1-score": 0.46153846153846156,
        "support": 51
    },
    "micro avg": {
        "precision": 0.2857142857142857,
        "recall": 0.24836601307189543,
        "f1-score": 0.26573426573426573,
        "support": 153
    },
    "macro avg": {
        "precision": 0.35126984126984123,
        "recall": 0.24836601307189543,
        "f1-score": 0.28363857234033973,
        "support": 153
    },
    "weighted avg": {
        "precision": 0.3512698412698413,
        "recall": 0.24836601307189543,
        "f1-score": 0.28363857234033973,
        "support": 153
    }
}