{
    "ARG0": {
        "precision": 0.7346938775510204,
        "recall": 0.7058823529411765,
        "f1-score": 0.7200000000000001,
        "support": 51
    },
    "V": {
        "precision": 0.6046511627906976,
        "recall": 0.5098039215686274,
        "f1-score": 0.553191489361702,
        "support": 51
    },
    "ARG1": {
        "precision": 0.43902439024390244,
        "recall": 0.35294117647058826,
        "f1-score": 0.391304347826087,
        "support": 51
    },
    "micro avg": {
        "precision": 0.6015037593984962,
        "recall": 0.5228758169934641,
        "f1-score": 0.5594405594405596,
        "support": 153
    },
    "macro avg": {
        "precision": 0.5927898101952068,
        "recall": 0.5228758169934641,
        "f1-score": 0.554831945729263,
        "support": 153
    },
    "weighted avg": {
        "precision": 0.5927898101952068,
        "recall": 0.5228758169934641,
        "f1-score": 0.554831945729263,
        "support": 153
    }
}